Grupo,Media Vulnerabilidade,Desvio Padrão,N de Estudantes
0,52.70762711864407,7.146737470561921,236
1,57.74660633484163,11.386157855194796,221
2,53.995024875621894,6.763503169540036,201
3,53.78651685393258,12.54593540330023,178
4,53.784,9.517033964627373,125
