Grupo,Media Vulnerabilidade,Desvio Padrão,N de Estudantes
0,54.16065573770492,7.616448584627732,305
1,54.84756097560975,8.131258455094695,328
2,54.396341463414636,12.697910397786012,328
